budget,split,protected_per_group,protected_low_score_mean,protected_high_score_mean,protected_low_projection_mean,protected_high_projection_mean,protected_delta,protected_one_sided_t,protected_one_sided_p,protected_cohen_d,protected_decision_p005,clean_per_group,clean_low_score_mean,clean_high_score_mean,clean_low_projection_mean,clean_high_projection_mean,clean_delta,clean_one_sided_t,clean_one_sided_p,clean_cohen_d,clean_decision_p005,constant_per_group,constant_low_score_mean,constant_high_score_mean,constant_low_projection_mean,constant_high_projection_mean,constant_delta,constant_one_sided_t,constant_one_sided_p,constant_cohen_d,constant_decision_p005,matched_margin,matched_margin_positive,matched_margin_vs
200,0,100,0.41675842715412126,0.6499566645919755,0.3602312793955207,0.3826067630946636,0.02237548369914294,0.17008525468329516,0.432570290666933,0.024053687393279805,False,100,0.4253856239186959,0.659110298996656,-0.058717642314732074,-0.04647399090230465,0.012243651412427427,0.07610308179643811,0.46970701945595933,0.010762601041491179,False,100,0.4100781841861148,0.6330530846408572,0.20627555709332226,0.30870636701583865,0.10243080992251638,0.7226163052054748,0.23539518789360936,0.10219337792135183,False,-0.08005532622337344,False,constant
200,1,100,0.41006586154226615,0.6421217312015325,0.13976150784641506,0.26205987751483917,0.12229836966842411,0.8062332571225033,0.21053998113763445,0.11401860066588788,False,100,0.40644607245159853,0.6276807042932697,0.1172126928716898,-0.07348526310175657,-0.19069795597344635,-1.3983360676853678,0.918184501566133,-0.19775458316761094,False,100,0.3987474757410155,0.6379722044828858,0.2811320128664374,0.28109017919749024,-4.183366894716656e-05,-0.000285784368331025,0.5001138516729722,-4.0416012960796364e-05,False,0.12234020333737128,True,constant
200,2,100,0.4233224929839857,0.6540569308506948,0.3574038071930408,0.21384185075759887,-0.14356195643544195,-1.0457065157369279,0.8514740418434449,-0.14788523368170778,False,100,0.400710192092965,0.6193029635839946,-0.06887291226536035,-0.03610026180744171,0.03277265045791864,0.24919400673283387,0.40173470373224235,0.035241354398366606,False,100,0.40102319129144176,0.6237821752138019,0.5169981816411018,0.14502173790708184,-0.37197644373401995,-2.82863490637752,0.9974191307875886,-0.4000293847601038,False,-0.17633460689336058,False,clean
200,3,100,0.39097257907691074,0.6334600429721118,0.24406256061047316,0.4123520327359438,0.16828947212547063,1.1070453079677143,0.1348985534492009,0.15655984886894414,False,100,0.3853047682401374,0.6452406261448211,0.10177367350086569,0.13025351494550705,0.028479841444641357,0.1906288101055923,0.42451556402225016,0.026958984863037397,False,100,0.3969230445762944,0.6439697998310505,0.33634159203618763,0.25270355317741633,-0.0836380388587713,-0.5496278257820736,0.708396553493376,-0.0777291125478645,False,0.13980963068082927,True,clean
200,4,100,0.39537604856902164,0.6351855376713241,0.03863575704395771,0.4276816968619823,0.3890459398180246,2.9503814375692223,0.001784381114668764,0.41724694431842224,True,100,0.38432557221043495,0.6364192268712916,0.08985991057008505,-0.206864512860775,-0.29672442343086003,-2.2329586980569527,0.986637142076836,-0.3157880475011111,False,100,0.4227008824111483,0.6546134134432176,0.4767269993573427,0.30557497214525936,-0.17115202721208334,-1.0735885102838174,0.8577994771994375,-0.15182834316513016,False,0.5601979670301079,True,constant
200,5,100,0.3965614998230131,0.6322024496390566,-0.017582034170627595,0.38814532034099103,0.4057273545116186,2.847627223456362,0.0024392266006148097,0.40271530399948274,True,100,0.40368481531486056,0.6265926048413579,0.1767437157034874,-0.021423329934477806,-0.19816704563796522,-1.254879284446639,0.894480695303195,-0.1774667303205482,False,100,0.3836943899177425,0.6339027450294101,0.3115756506100297,0.23385805007070304,-0.07771760053932664,-0.6037096802601521,0.7265742223263845,-0.08537744175598319,False,0.48344495505094526,True,constant
200,6,100,0.39559135906552834,0.6356825465646537,0.19879825837910176,0.3986098290979862,0.19981157071888445,1.4236759556142664,0.07808534137175421,0.2013381844854172,False,100,0.41310393687025704,0.6447465899646118,0.2855277167260647,-0.0008410590514540673,-0.28636877577751874,-1.8469166692480266,0.9668735414944105,-0.26119346022235035,False,100,0.4210880927258565,0.6487724807982123,0.20038868006318808,0.3125353753566742,0.11214669529348611,0.8101739596185501,0.2094133214672077,0.1145759001574066,False,0.08766487542539833,True,constant
200,7,100,0.41018459639108656,0.654794508737286,0.007919976785779,0.39226799182593824,0.38434801504015925,2.610410416199427,0.004882112770605138,0.3691677813949225,True,100,0.4386658157105717,0.6615348946305288,-0.015271840766072273,0.13845049746334553,0.1537223382294178,1.1304367040870171,0.1298409055851029,0.1598678918324201,False,100,0.4262444756615822,0.6488618234144425,0.563437955006957,0.2744613565504551,-0.2889765984565019,-2.2352753516642925,0.9867256195618049,-0.3161156717961932,False,0.23062567681074145,True,clean
200,8,100,0.40993655678270025,0.6268691057429036,0.1932547603547573,0.5871900556981564,0.3939352953433991,2.8733698457627415,0.0022572894670634443,0.4063558605591558,True,100,0.42249134426296137,0.6474371730094326,0.05709297299385071,0.08993591081351042,0.03284293781965971,0.24440361828217738,0.4035864240527066,0.034563891166771214,False,100,0.4105007267908621,0.6508757508853928,0.5379972674697637,0.13217191707342862,-0.4058253503963351,-2.7919379180360546,0.997120404830165,-0.39483964689902906,False,0.3610923575237394,True,clean
200,9,100,0.4029789910325278,0.6351258084222836,0.22611671729013325,0.4333772342279553,0.20726051693782208,1.5050327952277607,0.06695812574531405,0.21284377908273885,False,100,0.40680108772934526,0.6545855025577377,0.06379655763506889,0.08215642727911472,0.01835986964404583,0.13732802419089898,0.44545742850950926,0.019421115430466984,False,100,0.4079951389861828,0.6509236720850266,0.41715488739311696,0.2081353446096182,-0.20901954278349877,-1.4225737476472078,0.9217595593470539,-0.20118230873986023,False,0.18890064729377626,True,clean
200,10,100,0.4032157708929775,0.6335989713041444,0.29278834246098995,0.2370936468243599,-0.05569469563663004,-0.3845658046811207,0.6495057543865868,-0.05438581766049637,False,100,0.4004128175042157,0.6443464253926114,0.16236247193068265,-0.19515591934323312,-0.35751839127391577,-2.4433335120130995,0.9922744904516361,-0.3455395390089611,False,100,0.40707167638874514,0.6250703751290672,0.24218713842332362,0.1935225783288479,-0.04866456009447573,-0.34737671066717757,0.635655947642018,-0.049126485547807706,False,-0.007030135542154314,False,constant
200,11,100,0.42163436373976104,0.673267743586441,0.2044545528665185,0.39203362483531234,0.18757907196879384,1.3642157806383914,0.08703646979538932,0.19292924589822127,False,100,0.39974197497892683,0.645995664788477,0.31886943280696867,0.07954108461737633,-0.23932834818959234,-1.6537240826736908,0.9501040333302367,-0.23387190261401386,False,100,0.40214526308257426,0.6386406328674956,0.4462900172546506,0.3204775280039758,-0.12581248925067484,-0.8945778894949459,0.8139497726524542,-0.12651241839228525,False,0.31339156121946865,True,constant
200,12,100,0.3913143079401643,0.6335646284283839,-0.12443534810096026,0.2506819164566696,0.37511726455762984,2.4669722031333072,0.007258497024356159,0.34888255476685576,False,100,0.38030521592666594,0.6269333293870483,-0.045185430198907854,-0.0442389127612114,0.0009465174376964564,0.006530421766483102,0.4973983106800112,0.0009235411030176866,False,100,0.42155991274693166,0.6532653800687171,0.28075725186616185,0.2169780431315303,-0.06377920873463155,-0.4266596136633502,0.6649504120262049,-0.0603387812159575,False,0.37417074711993337,True,clean
200,13,100,0.407127816934098,0.6390966319705306,0.2624939750134945,0.19144741144031285,-0.07104656357318162,-0.5429327700769275,0.7061014496894911,-0.07678228868995843,False,100,0.4098377592708787,0.6473176823221118,0.041343843713402745,0.1185512112826109,0.07720736756920815,0.5156137557344715,0.3033773500271927,0.07291879663058179,False,100,0.39901609272061145,0.6408948323041576,0.31191704370081424,0.051021631024777886,-0.26089541267603633,-1.8384961434765374,0.9662426375725979,-0.2600026180475151,False,-0.14825393114238977,False,clean
200,14,100,0.4028104898211531,0.6269905965793307,0.1864939871057868,0.3795195204764605,0.19302553337067369,1.2597586926394722,0.10465813079448276,0.1781567828448141,False,100,0.39942480076285086,0.645940828526535,0.2134801822900772,-0.009945742636919021,-0.22342592492699623,-1.416734862256915,0.9209224264762859,-0.20035656564905083,False,100,0.4015615927475932,0.65769947419082,0.30579533919692037,0.31852033074945213,0.012724991552531761,0.08444220872116265,0.4663959775642815,0.011941931681020786,False,0.18030054181814192,True,constant
200,15,100,0.41028617791028377,0.65258868494883,0.2353480852395296,0.33890365228056907,0.10355556704103946,0.8158437950400649,0.20781124183342609,0.11537773597235954,False,100,0.40723883423694834,0.658243021981121,0.06050320960581303,-0.1348962177336216,-0.1953994273394346,-1.1965516893065473,0.8835277241312631,-0.1692179627097757,False,100,0.3872372882395886,0.6374977788845579,0.5348553989082575,0.21223265573382377,-0.32262274317443373,-1.8796813695585073,0.9691432818912771,-0.26582708857696746,False,0.29895499438047407,True,clean
200,16,100,0.3903542834751599,0.6336875996985831,0.24717527635395528,0.4021104995906353,0.15493522323668,1.1418819493009535,0.12750005504515677,0.16148649393304357,False,100,0.42296509726542736,0.6558573120479021,0.044441715031862256,-0.005496278842911124,-0.04993799387477338,-0.3542323931214743,0.6382291481385285,-0.05009602545842669,False,100,0.40045654461373276,0.6327232390165686,0.4979465649276972,0.4169506249576807,-0.08099593997001647,-0.6088626115521814,0.7283004241780402,-0.08610617628789964,False,0.20487321711145337,True,clean
200,17,100,0.40825363627309036,0.6320223447383242,0.33912052247673274,0.24206811510026455,-0.0970524073764682,-0.601271792174804,0.7258257080956494,-0.08503267231659849,False,100,0.4055648021498541,0.6316286392473409,0.100707848072052,0.05614944912493229,-0.044558398947119715,-0.29845150584377045,0.6171638841237934,-0.04220741672749331,False,100,0.40001541352789827,0.6385340788604618,0.49005955152213576,0.27353305131196975,-0.216526500210166,-1.4077906751991214,0.9195697325934166,-0.1990916665848974,False,-0.05249400842934848,False,clean
200,18,100,0.3867130492473668,0.6157420877381811,0.18817467216402292,0.4039918642491102,0.2158171920850873,1.5936101369183093,0.0563106279245285,0.22537050687651183,False,100,0.4099557863653673,0.6427618371543558,-0.18946220934391023,-0.0788600954040885,0.11060211393982172,0.7165449015845691,0.2372740328011218,0.10133475178701921,False,100,0.39845848016658486,0.644213037895165,0.14776254314929246,0.2407869740948081,0.09302443094551563,0.6693619623510387,0.2520293114048729,0.0946620765293508,False,0.10521507814526557,True,clean
200,19,100,0.40859652274873914,0.622432350252967,0.220087983161211,0.2932515162229538,0.07316353306174281,0.5030627028341771,0.3077499424632637,0.07114380970721591,False,100,0.40106089214231994,0.6351474969665489,0.39337266206741334,-0.22952046770602463,-0.6228931297734379,-4.41032534031226,0.9999913490435646,-0.6237141910747334,False,100,0.4224577735510627,0.6452133416847009,0.46081813488155604,0.2982518830150366,-0.16256625186651946,-1.186470375578743,0.8815633654785896,-0.16779224964973585,False,0.23572978492826227,True,constant
200,20,100,0.3917458785808437,0.6369642170788301,0.2787125112116337,0.5329502457380295,0.2542377345263958,1.588071549212893,0.05695494619209595,0.22458723229157251,False,100,0.39933812185124723,0.6321978605665167,0.14737822525203229,-0.0684850350022316,-0.2158632602542639,-1.486096899758487,0.9305775925401438,-0.21016583906390623,False,100,0.415680456493668,0.6294715354693629,0.3126001468300819,0.10912767149508,-0.2034724753350019,-1.5902061239479615,0.9432268006775051,-0.2248891067455958,False,0.4577102098613977,True,constant
200,21,100,0.4066622541267495,0.6492245828355042,0.2899252260103822,0.2543891104310751,-0.03553611557930708,-0.23763019321079268,0.5937894617989765,-0.0336059842068042,False,100,0.41698787020103173,0.6598181126819875,0.06227243736386299,0.014302710741758347,-0.04796972662210464,-0.29027742795495015,0.6140347907241648,-0.04105142754646696,False,100,0.4051054120087017,0.6377994019154268,0.24823964193463324,0.33683283656835555,0.08859319463372231,0.572449603971019,0.28383850048258763,0.0809565993710922,False,-0.12412931021302939,False,constant
200,22,100,0.41436180541528644,0.6285131004610617,0.2518945492990315,0.3132183190435171,0.06132376974448561,0.4058530257827217,0.34264503874319746,0.05739628533920825,False,100,0.4064025145350813,0.6436870734674304,0.18264784917235374,-0.0768845002539456,-0.2595323494262993,-1.7251198469134628,0.9568815820500287,-0.2439687884224017,False,100,0.4134260646894096,0.6338404705421973,0.29489331398159263,0.2610888062044978,-0.03380450777709482,-0.2146172330494011,0.5848501829839512,-0.03035146016974503,False,0.09512827752158043,True,constant
200,23,100,0.4193009378620195,0.6635771013352965,0.19936962001025677,0.3510833191126585,0.15171369910240173,1.0298128249370344,0.15221126224228654,0.14563752637317037,False,100,0.3831796253663749,0.633430592076161,0.1774091126024723,0.09933135868981481,-0.07807775391265749,-0.5124169269220384,0.6955253188634596,-0.072466696764269,False,100,0.4286412564790896,0.6423038832256022,0.2139807350933552,0.26766490571200846,0.05368417061865327,0.4273057279821431,0.33481235791398084,0.06043015557920553,False,0.09802952848374846,True,constant
200,24,100,0.43841710332363687,0.6528541183354168,0.01282167486846447,0.09518760204315185,0.08236592717468738,0.5094845014745757,0.305511496780562,0.072051989180424,False,100,0.4109783132943147,0.6594174052835262,0.1752092970535159,-0.05334522444754839,-0.22855452150106428,-1.559026395816458,0.9397060647001086,-0.22047962730612797,False,100,0.3996743514416325,0.6390601287470473,0.2382784754782915,0.12541367881000043,-0.11286479666829108,-0.7915371233837982,0.7851968186107425,-0.11194025350111535,False,0.19523072384297846,True,constant
200,25,100,0.4111287519054465,0.6567213465465784,0.2478644607961178,0.4655839292705059,0.2177194684743881,1.595803789907859,0.05615744611570206,0.22568073625740792,False,100,0.40238451975355294,0.6506610649472876,0.049381530173122884,0.08571958338841795,0.03633805321529507,0.22516195246923773,0.4110458693572584,0.03184270869124022,False,100,0.4079925473743556,0.6595281552495504,0.2719178726896644,0.3253326528146863,0.05341478012502193,0.36971556213427303,0.3560041444651869,0.052285676219068156,False,0.16430468834936618,True,constant
200,26,100,0.3893528450680559,0.6558052802123413,0.2498774154111743,0.3956830991059542,0.14580568369477986,1.04178766476462,0.14939079202276367,0.1473310244623121,False,100,0.39268022416668374,0.6269123769662678,0.15869116470217703,-0.07387899668887257,-0.2325701613910496,-1.5009064599152915,0.9323966711659244,-0.2122602271465595,False,100,0.3915911632006553,0.6431725191914084,0.4332556312717497,0.29184591010212896,-0.14140972116962075,-0.9429744313219555,0.8265659570385107,-0.13335672297465662,False,0.2872154048644006,True,constant
200,27,100,0.39758111687968134,0.6584009597160425,0.14442347649484874,0.3191527019813657,0.17472922548651695,1.1373217232387178,0.12848416230561427,0.16084158057857345,False,100,0.40939925780316,0.6516067518177587,0.0072263537533581255,-0.021241956874728202,-0.02846831062808633,-0.18755740082082978,0.5742918962312129,-0.02652462199642642,False,100,0.3894777716542805,0.6282849616505708,0.20819715082645415,0.3502521885558963,0.14205503772944214,1.0243778645451576,0.15348674515623442,0.14486890690345514,False,0.03267418775707481,True,constant
200,28,100,0.41017798155365687,0.6499093956008971,0.05753118336200714,0.36504977367818353,0.3075185903161764,2.221460008499055,0.013769692821576801,0.31416188722888144,False,100,0.41538669818884166,0.6597570565528648,0.0038089624419808386,-0.045172264501452446,-0.048981226943433286,-0.32271638626547133,0.626373011720802,-0.04563898902566639,False,100,0.4065838133252584,0.6543414512064593,0.45383249055594205,0.36663533091545103,-0.08719715964049102,-0.5748809177052184,0.7169668648149923,-0.08130043905682112,False,0.35649981725960966,True,clean
200,29,100,0.40898315422476555,0.6548040648535463,-0.04687612578272819,0.25206959769129755,0.29894572347402576,2.1572625157575893,0.01610331900550863,0.30508299073834855,False,100,0.3949240014052986,0.6620904389618234,0.2337322576344013,0.057709329426288605,-0.17602292820811272,-1.1418558935209884,0.8724568333511895,-0.16148280908930307,False,100,0.4162091613753997,0.6646704823923261,0.22266323633491994,0.3105698575079441,0.08790662117302414,0.628324164615464,0.2652610502851659,0.08885845551659344,False,0.21103910230100162,True,constant
200,30,100,0.4140823566623878,0.6453498484585981,0.1461900708079338,0.41866652842611074,0.27247645761817696,2.080014800395517,0.019407803737136443,0.29415851406561067,False,100,0.4153355624566353,0.6464701584269882,0.06666481733322144,-0.06203636622056365,-0.1287011835537851,-0.8696697010828834,0.8071714195275705,-0.12298986860563693,False,100,0.40602547075741213,0.6375472200748132,0.44661246486008166,0.40802058186382056,-0.038591882996261095,-0.24828169306137393,0.5979023281653061,-0.0351123337616349,False,0.31106834061443805,True,constant
200,31,100,0.3998590971616725,0.6393244628839996,0.135955373942852,0.3613854533433914,0.22543007940053938,1.4624052210168808,0.0726551741743959,0.20681532972472963,False,100,0.40592681812215686,0.6210664854440673,0.1410674634575844,-0.1289628443866968,-0.27003030784428117,-1.875327920049724,0.9688658310283976,-0.2652114178431247,False,100,0.4010223396091903,0.6228549009879084,0.19465141877532005,0.25620426759123804,0.06155284881591799,0.435832450210995,0.3317303132983912,0.06163601620106857,False,0.1638772305846214,True,constant
400,0,200,0.4031900471326344,0.6454020796771189,0.14174969458952547,0.3967792480811477,0.2550295534916222,2.4946567405681197,0.006513685784912873,0.24946567405681194,False,200,0.4213419766441905,0.6603172390675782,-0.009994563581421971,0.03637804235331714,0.04637260593473911,0.4380348748580081,0.33080043591842456,0.043803487485800804,False,200,0.4096361782147111,0.6460833637664974,0.22813238156959414,0.23884470902383328,0.01071232745423914,0.10757679842906763,0.4571929209566832,0.010757679842906764,False,0.2086569475568831,True,clean
400,1,200,0.40034510176601434,0.6451366606366236,0.1762499893270433,0.375775293186307,0.19952530385926368,1.8274852411142004,0.03419223426870646,0.18274852411142004,False,200,0.3966303545828208,0.6375184149317817,0.11831678502261639,-0.02475082851946354,-0.14306761354207992,-1.3957483882209498,0.9182070642471993,-0.13957483882209498,False,200,0.4100298418488106,0.6474738412419632,0.311187695953995,0.2292905392870307,-0.08189715666696429,-0.7668884262049872,0.7781891344368884,-0.07668884262049873,False,0.281422460526228,True,constant
400,2,200,0.4108911430349855,0.6462693099126335,0.17046776492148638,0.35648421809077263,0.18601645316928625,1.8383414852380051,0.033394438621439565,0.1838341485238005,False,200,0.4004762324908183,0.6407825934010696,0.14792776372283697,0.12772565367631614,-0.020202110046520838,-0.18030224362221559,0.5714961782473009,-0.01803022436222156,False,200,0.4048334647243476,0.6438521237673542,0.3663644117675722,0.07622817493975162,-0.2901362368278205,-2.927636600442086,0.9981882055064721,-0.29276366004420856,False,0.2062185632158071,True,clean
400,3,200,0.40628476335523894,0.6414626511140675,0.2028272767737508,0.3714213725179434,0.1685940957441926,1.6636731234216884,0.04849079316139654,0.1663673123421688,False,200,0.4018523811275726,0.642787155480025,0.20774214580655098,-0.02702154628932476,-0.23476369209587575,-2.3282063471992975,0.9897938159697861,-0.23282063471992973,False,200,0.41895047620696496,0.6533348931635783,0.31082021052017805,0.3251247076690197,0.014304497148841633,0.1425601483526217,0.4433562446920537,0.01425601483526217,False,0.15428959859535096,True,constant
400,4,200,0.4092061964374683,0.6524058301354196,0.06881138259544968,0.29546406915411355,0.22665268655866389,2.2227584153029287,0.013405402105010128,0.22227584153029287,False,200,0.40033793890436953,0.6468700092580794,0.1155444913264364,-0.11952241062186658,-0.235066901948303,-2.2055441463465377,0.9859950316454319,-0.22055441463465375,False,200,0.40729220843816855,0.6479924985978467,0.3731123638153076,0.2466338799893856,-0.126478483825922,-1.2978966700826016,0.9024543446993433,-0.1297896670082601,False,0.35313117038458586,True,constant
400,5,200,0.40073319555277614,0.6306534270018537,0.10269661333411932,0.3373803973384202,0.23468378400430084,2.186039830684434,0.014711719000776976,0.21860398306844342,False,200,0.4056024039961563,0.646508913690255,0.07303465116769076,0.05395855955779552,-0.019076091609895235,-0.19510919768168344,0.5772937639299458,-0.019510919768168343,False,200,0.39686170227063533,0.6381967210449752,0.3115327459014952,0.29924865793436767,-0.012284087967127544,-0.11969837604192131,0.5476078095098226,-0.011969837604192131,False,0.2469678719714284,True,constant
400,6,200,0.4055188830828654,0.6506485742430954,0.2720279992185533,0.3216865741088986,0.04965857489034531,0.4856450370407971,0.31374686418033637,0.0485645037040797,False,200,0.39799406441523816,0.6482306364540834,0.024507716689258816,-0.07710195140913129,-0.1016096680983901,-0.9809721143083818,0.836398607049644,-0.09809721143083819,False,200,0.4189666650512463,0.6640410826805102,0.3322745856270194,0.27362242080271243,-0.05865216482430696,-0.5783819299798554,0.7183268421585887,-0.057838192997985545,False,0.10831073971465227,True,constant
400,7,200,0.4011945066934652,0.6287568172460055,0.04938684616237879,0.40224576361477377,0.35285891745239495,3.404924380200871,0.0003675924981222538,0.34049243802008705,True,200,0.4027506876772011,0.6314863691243895,0.021854555476456882,-0.06575947949662804,-0.08761403497308493,-0.7927542789993953,0.7858011768393667,-0.07927542789993954,False,200,0.40728364009109774,0.6400883534673437,0.3035429436713457,0.3247741958685219,0.021231252197176198,0.21925264327815555,0.41328300865796896,0.021925264327815556,False,0.33162766525521875,True,constant
400,8,200,0.39574906476241845,0.6427470481892412,0.15758617410436274,0.294629539437592,0.13704336533322928,1.2844289061820398,0.09988400990645861,0.12844289061820396,False,200,0.4066828469938747,0.6391532801094071,0.13571953861042857,-0.0015173997450619937,-0.13723693835549056,-1.2966237445985498,0.9022313824211803,-0.12966237445985498,False,200,0.40895704681812867,0.6384978055391894,0.4065228070318699,0.3609699960611761,-0.0455528109706938,-0.46782006687269145,0.6799093346804028,-0.04678200668726914,False,0.18259617630392308,True,constant
400,9,200,0.40586934762247495,0.6531362688306315,0.1760151495411992,0.4003138377889991,0.2242986882477999,2.2451521073481175,0.012659336460335728,0.22451521073481176,False,200,0.40064280001471586,0.6428861556120053,0.02364862972870469,-0.06741101101972163,-0.09105964074842632,-0.8513882110032948,0.8024565311685126,-0.08513882110032948,False,200,0.38987274591220583,0.6467270933008064,0.4181589291617274,0.27528905059676617,-0.14286987856496125,-1.3760256126620667,0.9151895883586965,-0.13760256126620668,False,0.3153583289962262,True,clean
400,10,200,0.40866564422330387,0.6299862502139854,0.266388466656208,0.46554070731624964,0.1991522406600416,2.0073308825948546,0.022697304149301427,0.20073308825948546,False,200,0.3979905887187748,0.6417727640984393,0.19118707304820418,-0.19129329212009907,-0.38248036516830325,-3.6147835333173512,0.9998292509976354,-0.3614783533317351,False,200,0.4146024899754813,0.6332957409676914,0.2832229886297137,0.22514178437180818,-0.0580812042579055,-0.565940698059551,0.7141120608804201,-0.056594069805955105,False,0.2572334449179471,True,constant
400,11,200,0.4100141515708611,0.6521884138249138,0.113182267639786,0.33853139223530887,0.22534912459552287,2.2772693368047014,0.011659531833557835,0.22772693368047014,False,200,0.4180187864160159,0.6495573161445191,0.020895979329943658,-0.04868392437696457,-0.06957990370690822,-0.632553796696693,0.7362976252393045,-0.06325537966966929,False,200,0.40757785964483517,0.6415804029766713,0.45239846223965285,0.25366535058245065,-0.1987331116572022,-1.8516113559532457,0.9675706609725847,-0.18516113559532457,False,0.29492902830243106,True,clean
400,12,200,0.4006597689321959,0.6357048691952,0.3399795016460121,0.2721134147234261,-0.067866086922586,-0.6728888921076708,0.7492827591460717,-0.06728888921076706,False,200,0.40384092804415467,0.6440371049645823,0.1260217840783298,0.06692117068916559,-0.059100613389164225,-0.5741598848614607,0.7169042121645266,-0.057415988486146076,False,200,0.40378292476433897,0.637160956393868,0.2891346852108836,0.19161111131310463,-0.09752357389777896,-0.9235051184228531,0.821831242423199,-0.09235051184228532,False,-0.008765473533421775,False,clean
400,13,200,0.4097591362284912,0.6427154211383325,0.22516664520837368,0.3756943971849978,0.15052775197662413,1.4732791949537098,0.07075927667689591,0.147327919495371,False,200,0.41800706400885074,0.6527099064830133,0.20040625270456075,0.10800247015431523,-0.09240378255024552,-0.9242638874917727,0.8220351558595898,-0.09242638874917727,False,200,0.39240960206239245,0.6274069410666938,0.343508377391845,0.28307597056031225,-0.060432406831532726,-0.5916189109993649,0.7227719311508671,-0.05916189109993649,False,0.21096015880815686,True,constant
400,14,200,0.40404914912347367,0.6353679638384052,0.16970279540866615,0.3428191725164652,0.17311637710779906,1.7995763532966729,0.03636089445698018,0.17995763532966727,False,200,0.4096980001905217,0.6467158270245875,0.01546229213476181,-0.017809359859675168,-0.033271651994436977,-0.3144271069917911,0.6233118514861008,-0.0314427106991791,False,200,0.40076948881018915,0.6304577849779808,0.2826628144644201,0.2977068187855184,0.015044004321098314,0.14417105622845508,0.4427205663114245,0.014417105622845509,False,0.15807237278670075,True,constant
400,15,200,0.41341776118479656,0.6506723331619133,0.12709715227596463,0.35460897100158034,0.2275118187256157,2.3971958430437543,0.008492211734219036,0.23971958430437543,False,200,0.40074067902829796,0.6362030491276591,0.11536571513861418,0.01717443606350571,-0.09819127907510847,-0.9444052313558029,0.8272235434296304,-0.09444052313558027,False,200,0.4049753786682716,0.6338886234758543,0.4754693798348308,0.36625844322144985,-0.10921093661338094,-1.0315877865710954,0.8485421590782156,-0.10315877865710951,False,0.32570309780072415,True,clean
800,0,400,0.40349324416741683,0.6400073504750006,0.13339174611493945,0.30766998572275045,0.174278239607811,2.4358482722043067,0.007541178268938376,0.17224048312172005,False,400,0.4097522991449598,0.6473236784563045,0.19501215236261488,-0.0704434181889519,-0.26545557055156677,-3.769067950524081,0.9999119456486785,-0.266513350656846,False,400,0.4029482088077561,0.6430291112524199,0.30962299250066283,0.2869223649566993,-0.022700627543963514,-0.33479244454057183,0.6310636579132811,-0.023673400782465947,False,0.1969788671517745,True,constant
800,1,400,0.3947643562076893,0.634839922010956,0.27449115287512543,0.3688546597305685,0.09436350685544309,1.3039167306835724,0.09633170612237342,0.09220083623689472,False,400,0.40911558652189767,0.6451070037029806,0.15282379408366978,0.04445740037597716,-0.10836639370769262,-1.4181781059185132,0.9217325907487093,-0.10028033556252747,False,400,0.4067533031719938,0.6404481954574811,0.311909144744277,0.2701425030804239,-0.04176664166385308,-0.5630917294439404,0.7132329418514101,-0.03981659803198709,False,0.13613014851929617,True,constant
800,2,400,0.40986180121116095,0.6440703596989509,0.12950056729372592,0.3585977937374264,0.22909722644370048,3.19401441751303,0.0007301848647780433,0.22585092538310642,True,400,0.40415291841744333,0.640242491818625,0.04383336576633155,-0.012648369136732071,-0.05648173490306362,-0.7763701039304769,0.7811148902617979,-0.05489765651997449,False,400,0.4087391384452135,0.6488939108303703,0.36874758783727885,0.2626504521165043,-0.10609713572077456,-1.468050079160572,0.9287558737296847,-0.1038068166095888,False,0.2855789613467641,True,clean
800,3,400,0.4081854856799947,0.639473769567641,0.1567272919975221,0.34668760193511844,0.18996030993759633,2.525288084958931,0.00587943567822818,0.17856483293240508,False,400,0.4015991473972585,0.6368226828060094,0.04913165288511664,-0.07037232280243189,-0.11950397568754853,-1.626229640546712,0.9478463711963323,-0.11499180065971416,False,400,0.40389091885078726,0.6429720959302603,0.3359482966735959,0.33937066707760094,0.0034223704040050595,0.04605643520769679,0.4816387802716574,0.003256681765264126,False,0.18653793953359127,True,constant
800,4,400,0.39949694121694174,0.6463826793163221,0.2022322947625071,0.3349724787846208,0.13274018402211368,1.9129069277230175,0.028067062571809576,0.13526294603716704,False,400,0.39919758062694244,0.6410949923725453,0.07119477287400514,-0.027181727923452855,-0.098376500797458,-1.345667926247736,0.9106015460637854,-0.0951530915875013,False,400,0.4027769002537231,0.6441411703887172,0.30001817882992327,0.26815977880731223,-0.03185840002261103,-0.43754167165685576,0.6690791547501098,-0.030938868308026054,False,0.16459858404472472,True,constant
800,5,400,0.4142244686542331,0.6545165236221949,0.19741403360385448,0.4146414793096483,0.2172274457057938,3.0570630828357848,0.0011554494113614486,0.21616700363882355,True,400,0.40478861336973254,0.660344319158252,0.04575655796565115,0.012926153261214495,-0.032830404704436655,-0.4411336672706747,0.6703810535117025,-0.031192860753678425,False,400,0.4070003219798272,0.6415482643183507,0.4797138644848019,0.2331006878055632,-0.2466131766792387,-3.3286549681488937,0.9995428243457284,-0.2353714500208374,False,0.25005785041023043,True,clean
800,6,400,0.40844979127591,0.643174608491824,0.13778445614501833,0.32598863102961334,0.188204174884595,2.622656787368075,0.004449156193947492,0.18544983990728908,True,400,0.41125602713173803,0.6447944374462281,0.12747344556264578,-0.05719508201349527,-0.18466852757614105,-2.498991412355441,0.9936681109550745,-0.17670537738034803,False,400,0.40700727460042196,0.6391263480116869,0.27156877757050096,0.2260208223108202,-0.04554795525968075,-0.638108959997604,0.7381995273781361,-0.04512111727502011,False,0.23375213014427576,True,constant
800,7,400,0.4038431475100906,0.6396164404251253,0.13625168707221746,0.4052061837352812,0.26895449666306376,3.707015821938844,0.00011235996600380356,0.2621256025658779,True,400,0.4007374734584712,0.6387429822831355,0.1561950160190463,-0.012498421370983124,-0.16869343739002943,-2.1168364630178576,0.98270405351292,-0.14968294176628735,False,400,0.40798594026234014,0.6361788674039756,0.3523318355018273,0.26153784260153773,-0.09079399290028956,-1.2864562685536327,0.9006655079181021,-0.0909661951194216,False,0.3597484895633533,True,constant
